{"clean": {"mu": 2099.520097732544, "std": 1300.6327823404797}, "adversarial": {"mu": 178.99420833587646, "std": 18.602281031491938}}